keyword,count,combined volume
mortgage,295,326400
buy,72,109910
mortgages,57,53510
remortgage,52,41120
let,47,22490
first,37,74490
time,36,74040
loan,35,13820
home,35,3420
tracker,30,4090
fixed,25,9570
shared,25,2760
ownership,25,2760
buyer,23,70220
rate,23,36200
help,22,17960
online,20,6400
house,18,3760
remortgaging,17,50630
deposit,15,2480
interest,14,27670
compare,13,14560
calculator,12,59860
borrow,12,1490
rates,11,14630
fee,11,2760
borrowing,11,780
money,11,560
uk,10,1900
property,10,900
equity,8,9630
broker,8,10620
scheme,8,3920
work,8,8780
comparison,8,3460
find,8,4430
halifax,8,6720
repayment,8,2230
buyers,7,26160
apply,7,2460
change,7,1000
advisor,7,610
get,6,9460
lenders,6,2930
works,6,1800
fees,6,1210
improvement,6,1500
new,6,2730
market,5,13850
best,5,2650
credit,5,1250
capital,5,1490
renovations,5,1770
release,5,1410
much,5,1490
explained,5,850
scotland,5,380
deal,4,20230
deals,4,10280
rent,4,3220
check,4,3220
family,4,1650
requirements,4,1530
bank,4,870
application,4,620
government,4,980
moving,4,350
improvements,4,480
term,4,550
move,4,320
switch,4,1130
quick,4,130
improvements?,4,1500
near,3,7970
insurance,3,2950
loans,3,2050
offers,3,1920
quote,3,2170
advice,3,1490
low,3,1150
guide,3,1530
provider,3,830
survey,3,880
lifetime,3,1030
options,3,450
go,3,1370
switching,3,900
rules,3,360
variable,3,330
account,3,270
happens,3,430
lender,3,3090
value,3,120
30%,3,110
product,3,60
increase,3,40
remortage,2,28400
offset,2,6770
commercial,2,2970
isa,2,2140
renew,2,2600
renovation,2,2540
tesco,2,730
early,2,600
charge,2,670
london,2,660
long,2,600
buying,2,620
cost,2,510
company,2,430
renting,2,780
letting,2,330
principle,2,370
extra,2,370
look,2,470
available,2,250
disadvantages,2,220
rental,2,320
savings,2,220
rating,2,340
ends,2,260
1st,2,150
small,2,150
top,2,150
income,2,120
personal,2,120
northern,2,120
ireland,2,120
flexible,2,100
5%,2,110
discounted,2,70
renovations?,2,2540
40,2,30
easy,2,20
expensive,2,20
pay,2,35560
overpayment,1,33100
95,1,6610
getting,1,3600
affordability,1,2400
offer,1,3820
type,1,3800
types,1,1900
brokers,1,1300
mean,1,1000
score,1,880
take,1,590
free,1,480
self,1,480
employed,1,480
5,1,7100
wrong,1,320
post,1,320
office,1,320
conveyancing,1,260
hsbc,1,210
overpaying,1,210
90,1,170
end,1,3520
program,1,170
acceptance,1,170
transfer,1,170
partner,1,140
joint,1,140
many,1,140
10%,1,110
based,1,110
vs,1,110
need,1,110
what's,1,110
affect,1,110
providers,1,90
santander,1,90
charges,1,70
companies,1,70
qualifying,1,70
approved,1,50
good,1,50
residential,1,50
security,1,50
limit,1,50
car,1,40
bankrupt,1,40
bank?,1,870
one,1,590
compared,1,30
eligibility,1,30
pre,1,30
approval,1,30
valuation,1,30
75%,1,20
add,1,20
direct,1,20
history,1,20
years,1,20
supplier,1,20
start,1,20
shop,1,20
tsb,1,20
cash,1,20
95%,1,10
really,1,10
bad,1,10
details,1,10
minimum,1,10
without,1,10
dual,1,10
benefits,1,10
information,1,10
terms,1,10
guaranteed,1,10
build,1,10
priced,1,10
large,1,10
current,1,10
regular,1,10
definition,1,10
reviews,1,10
solicitors,1,10
buys,1,10
gives,1,10
qualifies,1,10
right,1,10
rewards,1,10
using,1,10
view,1,20
